UTS_true,YS_true,HV_true,UTS_pred,YS_pred,HV_pred
199.0,151.0,89.0,226.19229125976562,155.9017333984375,86.0635757446289
365.0,237.0,144.0,375.8760070800781,258.6595764160156,142.70693969726562
307.0,224.0,120.0,315.2478942871094,217.1195068359375,119.72038269042969
265.0,190.0,94.0,260.8988037109375,179.7288818359375,98.97940063476562
